sent_id,token_id,form,upos,head,deprel,sent_len,is_root
fr-ud-train_06124,19,Laine,PROPN,17,nmod,27,False
fr-ud-train_10763,16,religieuses,ADJ,15,amod,40,False
fr-ud-train_08271,5,un,DET,6,det,29,False
fr-ud-train_01522,11,qui,PRON,13,nsubj:pass,35,False
fr-ud-train_03547,18,de,ADP,20,case,22,False
fr-ud-train_04939,36,pointant,VERB,28,advcl,39,False
fr-ud-train_08865,48,obéira,VERB,44,acl:relcl,52,False
fr-ud-train_11660,4,personnage,NOUN,0,root,28,True
fr-ud-train_02151,1,Phrynobatrachus,PROPN,5,nsubj,14,False
fr-ud-train_11317,16,III,NUM,15,nmod,38,False
fr-ud-train_11344,10,de,ADP,12,case,13,False
fr-ud-train_12103,5,de,ADP,7,mark,12,False
fr-ud-train_08885,3,donc,ADV,4,advmod,48,False
fr-ud-train_09591,24,prochain,ADJ,22,amod,25,False
fr-ud-train_02154,21,offre,NOUN,19,obj,64,False
fr-ud-train_04598,21,%,SYM,17,conj,28,False
fr-ud-train_03101,5,Kang,PROPN,1,appos,30,False
fr-ud-train_05659,24,dirigeant,VERB,15,acl,30,False
fr-ud-train_12468,38,Star,PROPN,33,conj,40,False
fr-ud-train_13788,17,avril,NOUN,16,nmod,19,False
fr-ud-train_07535,2,compte,VERB,0,root,10,True
fr-ud-train_05579,4,frère,NOUN,5,nsubj,16,False
fr-ud-train_11710,16,journées,NOUN,13,nmod,17,False
fr-ud-train_11914,8,a,AUX,9,aux:tense,22,False
fr-ud-train_12713,6,et,CCONJ,8,cc,12,False
fr-ud-train_04437,1,Ils,PRON,6,nsubj,38,False
fr-ud-train_08164,7,essence,NOUN,0,root,9,True
fr-ud-train_14277,7,et,CCONJ,8,cc,15,False
fr-ud-train_00481,2,est,AUX,3,cop,48,False
fr-ud-train_01629,36,1987,NUM,34,nmod,46,False
fr-ud-train_08999,32,marché,NOUN,23,obl:mod,41,False
fr-ud-train_13767,57,les,DET,58,det,61,False
fr-ud-train_02732,20,Lord,PROPN,17,nmod,50,False
fr-ud-train_07414,4,que,SCONJ,9,mark,10,False
fr-ud-train_05004,19,qui,PRON,20,nsubj,28,False
fr-ud-train_02495,10,de,ADP,12,case,30,False
fr-ud-train_08891,1,à,ADP,3,case,24,False
fr-ud-train_06446,4,valut,VERB,0,root,16,True
fr-ud-train_10665,18,à,ADP,19,case,21,False
fr-ud-train_00664,2,succès,NOUN,5,nsubj,6,False
fr-ud-train_04943,9,cm,NOUN,0,root,12,True
fr-ud-train_13804,11,tâche,NOUN,8,obl:arg,26,False
fr-ud-train_08420,4,un,DET,5,det,19,False
fr-ud-train_09129,32,km,NOUN,16,obl:mod,35,False
fr-ud-train_05136,3,et,CCONJ,4,cc,21,False
fr-ud-train_02365,12,saison,NOUN,8,nmod,13,False
fr-ud-train_07266,2,sont,AUX,1,cop,22,False
fr-ud-train_13455,7,dysplasie,NOUN,2,conj,51,False
fr-ud-train_10708,5,poste,NOUN,2,obl:arg,13,False
fr-ud-train_06015,10,sont,AUX,11,cop,12,False
fr-ud-train_07762,26,degrés,NOUN,24,nmod,27,False
fr-ud-train_13227,13,Petitcoudiac,PROPN,11,obl:arg,24,False
fr-ud-train_02270,19,consacre,VERB,2,conj,28,False
fr-ud-train_13283,11,village,NOUN,0,root,24,True
fr-ud-train_07666,53,adversaire,NOUN,50,obj,54,False
fr-ud-train_13767,44,la,DET,45,det,61,False
fr-ud-train_11455,23,en,ADP,24,case,47,False
fr-ud-train_11351,27,formation,NOUN,25,obj,49,False
fr-ud-train_01125,9,est,AUX,11,cop,14,False
fr-ud-train_01634,15,réalisations,NOUN,12,nmod,32,False
fr-ud-train_09863,19,en,ADP,20,case,38,False
fr-ud-train_01422,2,l',DET,3,det,12,False
fr-ud-train_13660,7,et,CCONJ,17,cc,19,False
fr-ud-train_06044,28,shirk,X,26,obl:arg,30,False
fr-ud-train_13504,10,avait,AUX,11,aux:tense,37,False
fr-ud-train_03342,38,en,ADP,33,advmod,40,False
fr-ud-train_01606,7,en,ADP,8,case,13,False
fr-ud-train_14195,25,les,DET,26,det,56,False
fr-ud-train_12155,4,la,DET,5,det,35,False
fr-ud-train_10984,12,de,ADP,14,case,15,False
fr-ud-train_05861,15,pour,ADP,17,mark,18,False
fr-ud-train_05630,16,de,ADP,17,case,30,False
fr-ud-train_09998,2,fumeur,NOUN,5,advcl,13,False
fr-ud-train_10466,8,riche,ADJ,0,root,42,True
fr-ud-train_03563,9,affluents,NOUN,2,obj,24,False
fr-ud-train_09672,32,manibus,X,31,flat:foreign,37,False
fr-ud-train_06091,16,recherché,VERB,2,conj,24,False
fr-ud-train_04150,4,moins,ADV,3,obj,8,False
fr-ud-train_13943,17,président,NOUN,14,nmod,26,False
fr-ud-train_12633,11,en,ADP,12,case,60,False
fr-ud-train_13864,5,écoles,NOUN,1,conj,25,False
fr-ud-train_13743,8,Milan,PROPN,4,conj,28,False
fr-ud-train_03457,63,obtenir,VERB,52,conj,73,False
fr-ud-train_14088,9,référence,NOUN,8,obj:lvc,27,False
fr-ud-train_11435,1,Sur,ADP,3,case,32,False
fr-ud-train_04978,4,avec,ADP,6,case,17,False
fr-ud-train_13879,7,a,AUX,8,aux:tense,30,False
fr-ud-train_08049,6,dame,NOUN,3,obl:arg,27,False
fr-ud-train_10554,4,des,DET,5,det,30,False
fr-ud-train_01974,16,septembre,NOUN,15,nmod,23,False
fr-ud-train_08081,45,plus,ADV,44,fixed,47,False
fr-ud-train_08862,1,Ces,DET,3,det,38,False
fr-ud-train_11430,3,de,ADP,4,case,30,False
fr-ud-train_13435,9,Affaires,NOUN,6,nmod,42,False
fr-ud-train_11705,21,1945,NUM,20,nmod,40,False
fr-ud-train_00409,2,nouvelles,ADJ,3,amod,21,False
fr-ud-train_03960,15,Japon,PROPN,12,nmod,28,False
fr-ud-train_05742,18,l',DET,19,det,27,False
fr-ud-train_12078,9,néerlandais,ADJ,7,amod,15,False
fr-ud-train_08778,43,in,X,21,flat:foreign,59,False
fr-ud-train_14429,21,et,CCONJ,22,cc,43,False
fr-ud-train_03289,21,situation,NOUN,18,obl:mod,26,False
fr-ud-train_13455,35,cas,NOUN,32,obl:mod,51,False
fr-ud-train_10659,7,le,DET,8,det,16,False
fr-ud-train_05258,9,par,ADP,11,case,42,False
fr-ud-train_02649,1,Appartenant,VERB,8,advcl,19,False
fr-ud-train_00537,5,voilà,VERB,0,root,17,True
fr-ud-train_05611,56,Sarkozy,PROPN,55,flat:name,57,False
fr-ud-train_00703,10,sur,ADP,12,case,17,False
fr-ud-train_02571,21,l',DET,22,det,27,False
fr-ud-train_11518,19,Mazza,PROPN,18,flat:name,30,False
fr-ud-train_03157,14,d',ADP,16,case,18,False
fr-ud-train_09774,1,En,ADP,12,advmod,32,False
fr-ud-train_05614,27,fasciste,ADJ,26,amod,28,False
fr-ud-train_11747,21,deuxième,ADJ,22,amod,27,False
fr-ud-train_13412,39,de,ADP,41,case,44,False
fr-ud-train_05810,16,construite,VERB,11,acl,27,False
fr-ud-train_09172,30,qui,PRON,32,nsubj,37,False
fr-ud-train_10447,12,spacieuse,ADJ,5,conj,13,False
fr-ud-train_04217,21,Boy,PROPN,20,flat:name,32,False
fr-ud-train_01056,6,fonctionnaire,NOUN,0,root,23,True
fr-ud-train_00796,20,durée,NOUN,17,nmod,21,False
fr-ud-train_12626,20,l',DET,21,det,66,False
fr-ud-train_09865,15,alternatives,ADJ,14,amod,31,False
fr-ud-train_11623,39,soient,AUX,41,cop,47,False
fr-ud-train_11577,34,sur,ADP,36,case,52,False
fr-ud-train_08359,10,et,CCONJ,11,cc,18,False
fr-ud-train_04877,6,il,PRON,9,expl:subj,45,False
fr-ud-train_01904,11,Chasnay,PROPN,2,nmod,68,False
fr-ud-train_10562,8,situé,VERB,6,acl,20,False
fr-ud-train_05338,13,en,ADP,14,case,15,False
fr-ud-train_14432,11,Sandaucourt,PROPN,8,conj,21,False
fr-ud-train_12095,18,hôtellerie,NOUN,9,conj,33,False
fr-ud-train_09703,11,ainsi,ADV,8,advmod,41,False
fr-ud-train_06279,14,1755,NUM,10,obl:mod,17,False
fr-ud-train_02706,3,recommande,VERB,0,root,41,True
fr-ud-train_04256,31,et,CCONJ,33,cc,34,False
fr-ud-train_00411,21,qui,PRON,29,nsubj,35,False
fr-ud-train_11768,10,le,DET,11,det,34,False
fr-ud-train_02643,19,adapter,VERB,16,xcomp,24,False
fr-ud-train_07344,5,autres,PRON,3,obj,12,False
fr-ud-train_07718,6,vivre,VERB,3,xcomp,7,False
fr-ud-train_10734,16,Studios,PROPN,15,flat:name,46,False
fr-ud-train_06375,10,de,ADP,12,case,17,False
fr-ud-train_05207,50,s',PRON,51,expl:pv,55,False
fr-ud-train_04415,5,en,ADP,6,case,8,False
fr-ud-train_05767,9,série,NOUN,4,obl:mod,40,False
fr-ud-train_03748,1,La,DET,2,det,16,False
fr-ud-train_01620,12,de,ADP,14,case,17,False
fr-ud-train_14225,1,Les,DET,2,det,43,False
fr-ud-train_09164,1,Il,PRON,5,nsubj:pass,17,False
fr-ud-train_06449,7,national,ADJ,6,amod,8,False
fr-ud-train_00717,15,véritablement,ADV,16,advmod,30,False
fr-ud-train_00173,4,nouvelle,NOUN,1,obl:arg,33,False
fr-ud-train_01198,14,peu,ADV,13,fixed,19,False
fr-ud-train_04504,9,Euros,PROPN,7,nmod,31,False
fr-ud-train_06575,14,objectif,NOUN,16,obl:mod,38,False
fr-ud-train_13221,11,premières,ADJ,12,amod,32,False
fr-ud-train_07614,16,importance,NOUN,14,obj,28,False
fr-ud-train_12958,15,IIHF,X,14,appos,17,False
fr-ud-train_11677,19,la,DET,20,det,53,False
fr-ud-train_05169,17,de,ADP,20,case,22,False
fr-ud-train_05966,15,en,ADP,17,case,18,False
fr-ud-train_04284,25,français,ADJ,24,amod,34,False
fr-ud-train_11812,24,les,DET,26,det,27,False
fr-ud-train_05147,2,Baglini,PROPN,1,flat:name,12,False
fr-ud-train_13445,24,les,DET,25,det,53,False
fr-ud-train_14366,11,Place,NOUN,4,obl:mod,25,False
fr-ud-train_08142,33,le,DET,34,det,37,False
fr-ud-train_12869,4,d',ADP,5,case,37,False
fr-ud-train_08233,19,japonais,NOUN,14,obl:arg,35,False
fr-ud-train_05075,8,dragons,NOUN,6,nmod,53,False
fr-ud-train_04454,9,vin,NOUN,7,obj,10,False
fr-ud-train_06562,13,longueur,NOUN,11,nmod,30,False
fr-ud-train_13887,6,à,ADP,8,case,25,False
fr-ud-train_02284,38,puise,VERB,33,conj,43,False
fr-ud-train_02760,24,le,DET,25,det,26,False
fr-ud-train_12595,12,réornementation,NOUN,10,obl:arg,30,False
fr-ud-train_05178,7,de,ADP,9,case,24,False
fr-ud-train_00405,2,de,ADP,4,case,25,False
fr-ud-train_04434,43,campagne,NOUN,40,nmod,52,False
fr-ud-train_01190,11,et,CCONJ,12,cc,18,False
fr-ud-train_00640,6,le,DET,7,det,40,False
fr-ud-train_11234,16,la,DET,17,det,21,False
fr-ud-train_04375,16,liste,NOUN,14,obj,34,False
fr-ud-train_09799,16,avons,AUX,18,aux:tense,33,False
fr-ud-train_03282,32,d',ADP,35,case,36,False
fr-ud-train_08549,15,accrocher,VERB,10,conj,20,False
fr-ud-train_01430,12,être,AUX,13,aux:pass,33,False
fr-ud-train_07515,1,La,DET,2,det,20,False
fr-ud-train_08770,19,tous,ADJ,21,amod,34,False
fr-ud-train_05466,6,une,PRON,0,root,73,True
fr-ud-train_14473,20,charge,NOUN,17,xcomp,23,False
fr-ud-train_00983,5,il,PRON,7,nsubj,24,False
fr-ud-train_10226,33,de,ADP,36,case,46,False
fr-ud-train_00540,28,une,DET,29,det,47,False
fr-ud-train_06523,7,qu',PRON,5,acl:relcl,25,False
fr-ud-train_00893,10,guerre,NOUN,8,nmod,38,False
fr-ud-train_05209,22,en,ADP,23,case,30,False
fr-ud-train_01704,15,à,ADP,17,case,21,False
fr-ud-train_06656,17,n',ADV,21,advmod,25,False
fr-ud-train_11730,9,est,AUX,10,aux:tense,31,False
fr-ud-train_11983,62,péchés,NOUN,59,nmod,76,False
fr-ud-train_03103,10,bourreaux,NOUN,12,nsubj,13,False
fr-ud-train_00167,19,sa,DET,20,det,21,False
fr-ud-train_01325,11,par,ADP,12,case,14,False
fr-ud-train_05207,35,de,ADP,36,case,55,False
fr-ud-train_05994,7,les,DET,8,det,13,False
fr-ud-train_10040,20,le,DET,21,det,29,False
fr-ud-train_10293,10,un,DET,11,det,26,False
fr-ud-train_00177,15,de,ADP,16,case,20,False
fr-ud-train_13649,26,à,ADP,28,case,35,False
fr-ud-train_12280,29,la,DET,30,det,55,False
fr-ud-train_05348,1,L',DET,2,det,17,False
fr-ud-train_02993,16,d',ADP,17,case,27,False
fr-ud-train_03525,3,alors,ADV,4,advmod,13,False
fr-ud-train_10668,26,élire,VERB,24,ccomp,46,False
fr-ud-train_02967,30,de,ADP,32,case,40,False
fr-ud-train_01228,26,baie,NOUN,23,nmod,30,False
fr-ud-train_02503,24,troupes,NOUN,22,obj,30,False
fr-ud-train_13228,22,intérêts,NOUN,20,nmod,31,False
fr-ud-train_08787,26,autres,PRON,27,nsubj,28,False
fr-ud-train_12246,3,son,DET,5,det,14,False
fr-ud-train_05134,9,le,DET,10,det,50,False
fr-ud-train_02205,2,voit,VERB,0,root,20,True
fr-ud-train_09605,8,20,NUM,9,nummod,10,False
fr-ud-train_11856,20,preuve,NOUN,18,obl:mod,34,False
fr-ud-train_07598,2,angoisse,NOUN,4,nsubj,29,False
fr-ud-train_12716,16,un,DET,17,det,27,False
fr-ud-train_09727,6,descend,VERB,0,root,27,True
fr-ud-train_12278,6,pré,NOUN,3,obl:arg,8,False
fr-ud-train_06150,17,catalan,NOUN,0,root,18,True
fr-ud-train_03126,23,la,DET,24,det,30,False
fr-ud-train_06667,21,sont,AUX,22,aux:pass,50,False
fr-ud-train_00066,4,de,ADP,6,case,60,False
fr-ud-train_13576,14,processus,NOUN,11,obj,22,False
fr-ud-train_03952,3,d',ADP,4,case,17,False
fr-ud-train_04486,10,Sy,PROPN,8,flat:name,42,False
fr-ud-train_03224,42,va,VERB,40,acl:relcl,55,False
fr-ud-train_11113,50,canonnières,NOUN,26,conj,73,False
fr-ud-train_06718,7,septembre,NOUN,6,nmod,30,False
fr-ud-train_04775,24,fait,VERB,21,acl:relcl,47,False
fr-ud-train_09615,1,Jeanne,PROPN,3,nsubj,13,False
fr-ud-train_08015,15,précieux,ADJ,7,acl:relcl,18,False
fr-ud-train_13329,3,ses,DET,4,det,15,False
fr-ud-train_09034,2,nouveaux,ADJ,3,amod,54,False
fr-ud-train_07247,18,le,DET,19,det,22,False
fr-ud-train_13750,1,Quelle,ADJ,0,root,10,True
fr-ud-train_07516,12,le,DET,13,det,26,False
fr-ud-train_05214,22,et,CCONJ,24,cc,25,False
fr-ud-train_08513,5,et,CCONJ,7,cc,10,False
fr-ud-train_07266,20,l',DET,21,det,22,False
fr-ud-train_13941,5,où,PRON,8,obl:mod,20,False
fr-ud-train_07167,29,le,DET,30,det,31,False
fr-ud-train_01512,20,notices,NOUN,16,obl:mod,29,False
fr-ud-train_13613,25,et,CCONJ,28,cc,38,False
fr-ud-train_01244,22,un,DET,23,det,25,False
fr-ud-train_05365,54,club,NOUN,51,nmod,124,False
fr-ud-train_00264,15,le,DET,16,det,43,False
fr-ud-train_09200,15,biais,NOUN,10,obl:arg,29,False
fr-ud-train_12514,52,de,ADP,54,case,63,False
fr-ud-train_02792,19,janvier,NOUN,18,nmod,21,False
fr-ud-train_10743,39,personnel,ADJ,38,amod,42,False
fr-ud-train_13214,6,le,DET,7,det,15,False
fr-ud-train_08456,12,ONG,NOUN,10,nmod,81,False
fr-ud-train_05452,2,durée,NOUN,18,nsubj:pass,34,False
fr-ud-train_08204,25,et,CCONJ,27,cc,30,False
fr-ud-train_02808,2,2010,NUM,15,obl:mod,35,False
fr-ud-train_06498,10,le,DET,11,det,39,False
fr-ud-train_01602,5,espèce,NOUN,0,root,15,True
fr-ud-train_00061,27,la,DET,29,det,47,False
fr-ud-train_02308,12,entre,ADP,14,case,18,False
fr-ud-train_00189,2,est,AUX,7,cop,40,False
fr-ud-train_04361,5,hélices,NOUN,2,nmod,27,False
fr-ud-train_09486,2,arrêt,NOUN,20,obl:mod,51,False
fr-ud-train_00642,22,de,ADP,15,advmod,33,False
fr-ud-train_10634,16,dans,ADP,19,case,20,False
fr-ud-train_13818,8,chrétiens,NOUN,5,obl:arg,12,False
fr-ud-train_01495,1,Sa,DET,2,det,40,False
fr-ud-train_10082,7,photographique,ADJ,6,amod,23,False
fr-ud-train_03527,12,Unité,NOUN,9,nmod,22,False
fr-ud-train_00359,1,Pourtant,ADV,13,advmod,55,False
fr-ud-train_09207,5,sur,ADP,8,case,9,False
fr-ud-train_12204,13,et,CCONJ,14,cc,15,False
fr-ud-train_00573,3,y,PRON,4,iobj,41,False
fr-ud-train_12113,21,aquatiques,ADJ,20,amod,28,False
fr-ud-train_11639,5,à,ADP,7,case,20,False
fr-ud-train_11427,9,politiques,ADJ,8,amod,20,False
fr-ud-train_05938,3,point,NOUN,0,root,36,True
fr-ud-train_02548,15,étrangères,ADJ,14,amod,22,False
fr-ud-train_13277,21,Vocational,PROPN,20,flat:name,23,False
fr-ud-train_08085,14,Kristen,PROPN,12,obl:arg,15,False
fr-ud-train_12528,25,lorsque,SCONJ,40,mark,66,False
fr-ud-train_12099,1,Si,SCONJ,5,mark,34,False
fr-ud-train_03689,24,système,NOUN,20,appos,37,False
fr-ud-train_04558,8,il,PRON,9,nsubj,35,False
fr-ud-train_02840,8,le,DET,9,det,33,False
fr-ud-train_00633,2,dernière,ADJ,3,amod,13,False
fr-ud-train_05603,24,matière,NOUN,20,nmod,32,False
fr-ud-train_05239,11,le,DET,12,det,30,False
fr-ud-train_09593,6,suivant,ADJ,3,amod,12,False
fr-ud-train_12223,23,Exceptionnel,ADJ,21,amod,24,False
fr-ud-train_02922,7,dû,VERB,0,root,17,True
fr-ud-train_11776,6,face,NOUN,5,fixed,26,False
fr-ud-train_01302,3,trouvé,VERB,0,root,16,True
fr-ud-train_11838,12,Lvov,PROPN,9,obl:arg,53,False
fr-ud-train_06291,6,à,ADP,8,case,16,False
fr-ud-train_00292,7,né,VERB,5,acl,18,False
fr-ud-train_02029,49,divisions,NOUN,43,obj,70,False
fr-ud-train_00052,26,Benalla,PROPN,24,nmod,33,False
fr-ud-train_05050,5,de,ADP,9,case,10,False
fr-ud-train_12853,6,un,DET,8,det,44,False
fr-ud-train_03407,16,en,ADP,18,mark,40,False
fr-ud-train_11113,64,Saône,PROPN,62,conj,73,False
fr-ud-train_05715,15,de,ADP,16,case,29,False
fr-ud-train_10656,26,XI,NUM,25,nmod,29,False
fr-ud-train_10297,5,à,ADP,7,case,43,False
fr-ud-train_09580,15,les,DET,16,det,25,False
fr-ud-train_08016,1,De,DET,3,det,34,False
fr-ud-train_06496,40,théologie,NOUN,36,obl:arg,42,False
fr-ud-train_08534,6,le,DET,7,det,18,False
fr-ud-train_07223,2,est,AUX,4,cop,10,False
fr-ud-train_14460,13,goudron,NOUN,11,nmod,20,False
fr-ud-train_04138,28,personnalité,NOUN,0,root,34,True
fr-ud-train_00234,6,romaine,ADJ,4,conj,22,False
fr-ud-train_06464,386,de,ADP,388,case,390,False
fr-ud-train_09785,15,statistique,ADJ,14,amod,23,False
fr-ud-train_02291,13,région,NOUN,10,nmod,33,False
fr-ud-train_09829,6,place,NOUN,4,nmod,16,False
fr-ud-train_05882,14,kayakiste,NOUN,0,root,16,True
fr-ud-train_11469,11,séance,NOUN,8,nmod,34,False
fr-ud-train_11113,4,de,ADP,6,case,73,False
fr-ud-train_00360,4,passagère,ADJ,3,amod,17,False
fr-ud-train_04162,10,de,ADP,11,case,22,False
fr-ud-train_08706,6,par,ADP,8,case,33,False
fr-ud-train_12124,14,sont,AUX,16,aux:pass,29,False
fr-ud-train_08148,36,et,CCONJ,39,cc,40,False
fr-ud-train_09220,13,pour,ADP,15,case,27,False
fr-ud-train_03113,9,conserveries,NOUN,5,appos,23,False
fr-ud-train_01319,29,habitants,NOUN,26,nmod,30,False
fr-ud-train_09505,22,"4,5",NUM,23,nummod,24,False
fr-ud-train_10053,1,Pour,ADP,3,case,27,False
fr-ud-train_02012,6,à,ADP,7,case,42,False
fr-ud-train_01433,12,remplir,VERB,7,advcl,25,False
fr-ud-train_01359,4,la,DET,5,det,23,False
fr-ud-train_14144,6,et,CCONJ,7,cc,9,False
fr-ud-train_01400,44,les,DET,45,det,61,False
fr-ud-train_13816,9,a,AUX,10,aux:tense,39,False
fr-ud-train_00506,48,chez,ADP,49,case,57,False
fr-ud-train_10450,11,fichiers,NOUN,6,obl:arg,44,False
fr-ud-train_08033,10,le,DET,12,det,19,False
fr-ud-train_14425,18,m,NOUN,13,conj,21,False
fr-ud-train_02010,32,un,DET,33,det,44,False
fr-ud-train_11600,34,Henry,PROPN,33,flat:name,37,False
fr-ud-train_00093,11,il,PRON,12,nsubj,30,False
fr-ud-train_01241,2,Flak,PROPN,9,nsubj,17,False
fr-ud-train_10068,17,désormais,ADV,16,advmod,27,False
fr-ud-train_04259,47,morts,NOUN,44,obl:arg,59,False
fr-ud-train_12089,5,peu,NOUN,4,fixed,15,False
fr-ud-train_04843,1,Pour,ADP,2,case,25,False
fr-ud-train_00646,28,personnel,NOUN,25,nmod,29,False
fr-ud-train_03991,27,et,CCONJ,29,cc,31,False
fr-ud-train_13606,3,mauritanienne,ADJ,2,amod,45,False
fr-ud-train_06195,2,était,AUX,4,cop,25,False
fr-ud-train_04404,10,par,ADP,12,case,15,False
fr-ud-train_06404,42,pharmacologiste,NOUN,34,conj,67,False
fr-ud-train_09995,4,d',ADP,5,case,6,False
fr-ud-train_09515,22,Alex,PROPN,18,conj,25,False
fr-ud-train_03661,20,des,DET,21,det,22,False
fr-ud-train_10713,30,de,ADP,32,case,34,False
fr-ud-train_00160,4,température,NOUN,1,obl:arg,45,False
fr-ud-train_10934,19,chaque,DET,20,det,21,False
fr-ud-train_11023,36,Tchan,X,34,flat:foreign,43,False
fr-ud-train_05115,12,étude,NOUN,9,obl:arg,24,False
fr-ud-train_05340,21,Figueirense,PROPN,18,obl:arg,23,False
fr-ud-train_06502,6,le,DET,7,det,12,False
fr-ud-train_07050,12,espèce,NOUN,0,root,28,True
fr-ud-train_04993,3,contexte,NOUN,6,obl:mod,7,False
fr-ud-train_11020,11,lequel,PRON,12,obl:mod,31,False
fr-ud-train_10012,2,de,ADP,4,case,28,False
fr-ud-train_01915,12,que,SCONJ,14,mark,20,False
fr-ud-train_02846,43,d',ADP,44,case,67,False
fr-ud-train_01965,5,alors,ADV,8,mark,19,False
fr-ud-train_13785,8,Bassorah,PROPN,4,obl:arg,38,False
fr-ud-train_14395,3,les,DET,4,det,13,False
fr-ud-train_01174,39,biens,NOUN,35,nmod,43,False
fr-ud-train_00387,17,limpidité,NOUN,12,conj,41,False
fr-ud-train_02537,13,toutes,ADJ,15,amod,40,False
fr-ud-train_12794,30,je,PRON,31,nsubj,53,False
fr-ud-train_09411,6,de,ADP,7,case,39,False
fr-ud-train_04991,15,locaux,NOUN,17,nsubj:pass,23,False
fr-ud-train_11933,5,date,NOUN,2,obl:mod,9,False
fr-ud-train_14051,6,est,AUX,8,cop,28,False
fr-ud-train_14470,27,degré,NOUN,22,obl:mod,53,False
fr-ud-train_03041,22,plein,ADJ,19,amod,28,False
fr-ud-train_12379,33,la,DET,34,det,36,False
fr-ud-train_01521,27,le,DET,28,det,36,False
fr-ud-train_04571,2,Maury,PROPN,1,flat:name,24,False
fr-ud-train_09792,17,le,DET,18,det,24,False
fr-ud-train_06747,10,ad,X,9,flat:foreign,33,False
fr-ud-train_04054,24,Coupe,NOUN,21,obj,39,False
fr-ud-train_05228,28,un,DET,29,det,30,False
fr-ud-train_06191,22,d',ADP,23,case,36,False
fr-ud-train_13906,7,dans,ADP,9,case,22,False
fr-ud-train_00699,6,de,ADP,8,case,68,False
fr-ud-train_11805,21,absence,NOUN,19,nmod,25,False
fr-ud-train_09626,7,Marseille,PROPN,5,nmod,12,False
fr-ud-train_11637,33,demi-finaliste,ADJ,19,conj,36,False
fr-ud-train_11633,2,généralité,NOUN,7,nsubj,15,False
fr-ud-train_13455,14,ventriculaire,ADJ,13,amod,51,False
fr-ud-train_05401,8,Trémoille,PROPN,3,nmod,17,False
fr-ud-train_01127,7,de,ADP,8,case,36,False
fr-ud-train_12090,9,comme,ADP,10,case,25,False
fr-ud-train_09555,10,mai,NOUN,9,nmod,25,False
fr-ud-train_05354,18,cousues,VERB,13,acl:relcl,29,False
fr-ud-train_05548,12,ville,NOUN,25,nsubj,47,False
fr-ud-train_03185,19,théâtralité,NOUN,10,conj,30,False
fr-ud-train_00170,39,puis,CCONJ,40,cc,50,False
fr-ud-train_09509,6,Guerre,NOUN,1,obl:arg,36,False
fr-ud-train_07311,55,physiques,ADJ,54,amod,59,False
fr-ud-train_13527,15,tour,NOUN,12,obl:arg,24,False
fr-ud-train_05888,6,un,DET,7,det,23,False
fr-ud-train_04104,40,d',ADP,41,case,43,False
fr-ud-train_05214,20,le,DET,21,det,25,False
fr-ud-train_05395,5,pour,ADP,7,case,12,False
fr-ud-train_11861,12,Ingénierie,NOUN,10,nmod,58,False
fr-ud-train_06464,171,frico,X,26,conj,390,False
fr-ud-train_03627,5,microscope,NOUN,2,nmod,33,False
fr-ud-train_03177,30,pour,ADP,32,case,33,False
fr-ud-train_14199,7,elle,PRON,9,nsubj:pass,31,False
fr-ud-train_10185,3,de,ADP,4,case,31,False
fr-ud-train_03010,10,de,ADP,13,case,24,False
fr-ud-train_08233,31,se,PRON,32,expl:pv,35,False
fr-ud-train_14361,3,de,ADP,5,case,31,False
fr-ud-train_06003,12,Sixers,PROPN,8,obj,22,False
fr-ud-train_07927,16,le,DET,17,det,29,False
fr-ud-train_04566,18,comment,ADV,21,advmod,22,False
fr-ud-train_00007,22,forfait,NOUN,5,conj,56,False
fr-ud-train_07147,18,dans,ADP,20,case,40,False
fr-ud-train_05244,17,saxons,NOUN,14,obl:agent,57,False
fr-ud-train_12483,6,a,VERB,0,root,10,True
fr-ud-train_07644,26,de,ADP,27,case,28,False
fr-ud-train_00531,40,la,DET,41,det,75,False
fr-ud-train_05610,16,dirigée,VERB,14,acl,19,False
fr-ud-train_02883,12,de,ADP,14,case,18,False
fr-ud-train_00692,24,et,CCONJ,25,cc,38,False
fr-ud-train_07655,23,la,DET,24,det,31,False
fr-ud-train_11580,43,certain,ADJ,10,advcl,51,False
fr-ud-train_02126,9,jeunes,ADJ,10,amod,21,False
fr-ud-train_03345,10,avec,ADP,12,case,30,False
fr-ud-train_03716,16,dette,NOUN,10,conj,55,False
fr-ud-train_08001,5,le,DET,6,det,20,False
fr-ud-train_04000,13,les,DET,14,det,26,False
fr-ud-train_08612,25,de,ADP,28,case,29,False
fr-ud-train_11126,24,le,DET,25,det,41,False
fr-ud-train_02806,5,accepte,VERB,0,root,28,True
fr-ud-train_00349,15,origine,NOUN,13,obj,20,False
fr-ud-train_09155,10,mit,VERB,0,root,43,True
fr-ud-train_01489,4,donner,VERB,2,xcomp,13,False
fr-ud-train_01472,1,La,DET,3,det,59,False
fr-ud-train_12944,3,agissait,VERB,0,root,35,True
fr-ud-train_02261,8,Marrakech,PROPN,5,obl:mod,17,False
fr-ud-train_05936,13,l',DET,14,det,25,False
fr-ud-train_07245,7,partir,VERB,6,fixed,13,False
fr-ud-train_00464,12,démographie,NOUN,9,obl:arg,34,False
fr-ud-train_10784,9,première,ADJ,10,amod,14,False
fr-ud-train_12344,28,tard,ADV,29,advmod,33,False
fr-ud-train_10164,30,entreprises,NOUN,27,obl:arg,43,False
fr-ud-train_10602,2,ont,AUX,3,aux:tense,12,False
fr-ud-train_01456,41,certaine,ADJ,42,amod,46,False
fr-ud-train_00676,5,DM,PROPN,13,nsubj:pass,26,False
fr-ud-train_09153,32,le,DET,33,det,41,False
fr-ud-train_12540,16,et,CCONJ,17,cc,25,False
fr-ud-train_09552,6,un,DET,7,det,14,False
fr-ud-train_03283,10,LH,PROPN,8,obl:agent,12,False
fr-ud-train_01810,17,les,DET,18,det,21,False
fr-ud-train_02814,3,à,ADP,5,case,6,False
fr-ud-train_12495,24,fait,VERB,22,conj,32,False
fr-ud-train_10362,8,il,PRON,9,expl:subj,23,False
fr-ud-train_05943,18,un,DET,19,det,37,False
fr-ud-train_11437,15,la,DET,16,det,24,False
fr-ud-train_00738,51,et,CCONJ,55,cc,59,False
fr-ud-train_11324,17,le,DET,18,det,22,False
fr-ud-train_13295,8,tendre,VERB,6,csubj,13,False
fr-ud-train_13260,23,ses,DET,24,det,31,False
fr-ud-train_01411,22,se,PRON,23,expl:pv,28,False
fr-ud-train_07388,3,de,ADP,5,case,32,False
fr-ud-train_03186,15,autre,PRON,11,fixed,25,False
fr-ud-train_02620,10,La,DET,11,det,22,False
fr-ud-train_04908,24,père,NOUN,21,nmod,25,False
fr-ud-train_09284,4,famille,NOUN,1,obl:mod,47,False
fr-ud-train_11029,26,une,DET,27,det,39,False
fr-ud-train_12953,7,que,SCONJ,10,mark,27,False
fr-ud-train_04845,18,directes,ADJ,17,amod,31,False
fr-ud-train_06364,26,un,DET,27,det,29,False
fr-ud-train_08962,40,armure,NOUN,44,nsubj,45,False
fr-ud-train_00192,18,Waters,PROPN,17,flat:name,30,False
fr-ud-train_03564,15,les,DET,16,det,44,False
fr-ud-train_01079,6,ou,CCONJ,7,cc,48,False
fr-ud-train_11347,13,d',ADP,14,case,35,False
fr-ud-train_04788,27,accusations,NOUN,22,obl:mod,33,False
fr-ud-train_07297,1,Forbes,PROPN,3,nsubj,10,False
fr-ud-train_11001,19,rapidement,ADV,17,advmod,25,False
fr-ud-train_11728,24,bien,ADV,31,mark,36,False
fr-ud-train_04222,2,théâtre,NOUN,23,nsubj,58,False
fr-ud-train_13840,3,de,ADP,4,case,21,False
fr-ud-train_11094,7,rivière,NOUN,0,root,27,True
fr-ud-train_11688,5,fut,AUX,6,aux:pass,15,False
fr-ud-train_07773,6,5,NUM,4,obl:arg,26,False
fr-ud-train_09493,9,a,VERB,0,root,35,True
fr-ud-train_00638,25,l',DET,26,det,38,False
fr-ud-train_00041,9,juin,NOUN,4,obl:mod,18,False
fr-ud-train_02025,26,boule,NOUN,24,obl:mod,35,False
fr-ud-train_06819,20,de,ADP,21,case,24,False
fr-ud-train_13756,10,les,DET,11,det,17,False
fr-ud-train_13204,13,en,ADP,15,case,16,False
fr-ud-train_13647,8,symboles,NOUN,5,nmod,68,False
fr-ud-train_10361,5,quatrième,ADJ,6,amod,26,False
fr-ud-train_08449,28,différents,DET,29,det,71,False
fr-ud-train_09858,21,confédéré,VERB,20,acl,43,False
fr-ud-train_12589,28,à,ADP,30,case,38,False
fr-ud-train_11226,14,avec,ADP,16,case,24,False
fr-ud-train_02732,29,obtenu,VERB,3,advcl,50,False
fr-ud-train_05854,18,matricule,NOUN,15,nmod,20,False
fr-ud-train_01432,9,que,ADV,13,advmod,23,False
fr-ud-train_12966,59,me,PRON,60,expl:pv,72,False
fr-ud-train_08943,4,maître,NOUN,0,root,30,True
fr-ud-train_01888,12,d',ADP,13,case,17,False
fr-ud-train_04305,6,est,AUX,7,aux:pass,20,False
fr-ud-train_02324,25,dit,VERB,7,conj,63,False
fr-ud-train_13502,17,plusieurs,DET,18,det,22,False
fr-ud-train_10498,22,pour,ADP,25,case,26,False
fr-ud-train_03953,7,de,ADP,8,case,17,False
fr-ud-train_10925,46,à,ADP,49,case,74,False
fr-ud-train_06499,13,à,ADP,14,case,17,False
fr-ud-train_13687,21,ses,DET,22,det,34,False
fr-ud-train_02614,4,en,ADP,5,case,17,False
fr-ud-train_09097,16,avec,ADP,18,case,41,False
fr-ud-train_03715,20,et,CCONJ,23,cc,32,False
fr-ud-train_10164,7,Europe,PROPN,6,flat:name,43,False
fr-ud-train_08835,15,de,ADP,17,case,42,False
fr-ud-train_03408,25,remporte,VERB,4,advcl,37,False
fr-ud-train_05852,11,15,NUM,7,nmod,59,False
fr-ud-train_10501,16,comme,ADP,17,case,26,False
fr-ud-train_04009,27,l',DET,28,det,49,False
fr-ud-train_00063,10,final,ADJ,9,amod,11,False
fr-ud-train_13881,8,pour,ADP,10,case,11,False
fr-ud-train_01961,9,finale,ADJ,8,amod,10,False
fr-ud-train_11040,14,qu',PRON,16,obj,28,False
fr-ud-train_11287,15,il,PRON,16,expl:subj,39,False
fr-ud-train_09542,24,de,ADP,26,case,30,False
fr-ud-train_11597,3,ovins,NOUN,14,nsubj,18,False
fr-ud-train_13828,19,se,PRON,20,expl:pass,40,False
fr-ud-train_03272,27,Ratzinger,PROPN,26,appos,32,False
fr-ud-train_13977,2,1989,NUM,4,obl:mod,46,False
fr-ud-train_00018,21,solution,NOUN,19,obj,30,False
fr-ud-train_10811,3,de,ADP,5,case,25,False
fr-ud-train_05700,9,Saint-Libère,PROPN,8,appos,12,False
fr-ud-train_04095,36,Médicales,ADJ,32,conj,49,False
fr-ud-train_10417,2,t-il,PRON,3,nsubj,13,False
fr-ud-train_03861,9,concept,NOUN,8,nmod,22,False
fr-ud-train_04712,7,cheval,NOUN,5,nmod,15,False
fr-ud-train_00823,18,bonheur,NOUN,12,obl:mod,24,False
fr-ud-train_05296,44,ère,NOUN,30,nmod,45,False
fr-ud-train_12652,28,un,NUM,29,nummod,30,False
fr-ud-train_11431,14,di,X,13,flat:name,56,False
fr-ud-train_13805,26,elles,PRON,27,obl:mod,30,False
fr-ud-train_13269,17,commercialise,VERB,15,conj,24,False
fr-ud-train_12233,2,effet,NOUN,1,fixed,50,False
fr-ud-train_10714,43,ne,ADV,44,advmod,52,False
fr-ud-train_00277,13,un,DET,14,det,31,False
fr-ud-train_03965,39,région,NOUN,36,nmod,40,False
fr-ud-train_11663,14,s',PRON,15,expl:pass,60,False
fr-ud-train_06921,2,Port-Royal,PROPN,3,obl:mod,25,False
fr-ud-train_02250,20,domum,NOUN,2,nmod,43,False
fr-ud-train_13352,3,simple,ADJ,2,amod,15,False
fr-ud-train_07194,14,posée,VERB,5,conj,18,False
fr-ud-train_13533,10,médico-légal,ADJ,9,amod,16,False
fr-ud-train_10602,8,asiatiques,ADJ,7,amod,12,False
fr-ud-train_06201,88,tripoli,PROPN,86,nmod,95,False
fr-ud-train_14239,6,la,DET,7,det,11,False
fr-ud-train_11848,4,été,AUX,5,aux:pass,25,False
fr-ud-train_10406,12,par,ADP,14,case,49,False
fr-ud-train_06085,24,l',DET,25,det,26,False
fr-ud-train_10923,16,plus,ADV,17,advmod,18,False
fr-ud-train_00189,27,co-scénariste,NOUN,7,conj,40,False
fr-ud-train_05455,26,de,ADP,28,case,34,False
fr-ud-train_00857,21,le,DET,22,det,23,False
fr-ud-train_07520,16,de,ADP,18,case,21,False
fr-ud-train_08548,56,Ayad,PROPN,54,flat:name,60,False
fr-ud-train_06028,4,la,DET,5,det,24,False
fr-ud-train_11190,4,basée,VERB,0,root,9,True
fr-ud-train_11239,14,plus,ADV,15,advmod,22,False
fr-ud-train_03610,16,Serengeti,PROPN,12,nmod,17,False
fr-ud-train_11716,29,Japon,PROPN,6,conj,30,False
fr-ud-train_05136,2,décoré,VERB,12,advcl,21,False
fr-ud-train_12759,1,Il,PRON,5,expl:subj,16,False
fr-ud-train_07992,8,fusil,NOUN,15,nsubj,20,False
fr-ud-train_12861,6,gouvernement,NOUN,3,obl:mod,31,False
fr-ud-train_08961,8,en,ADP,9,case,10,False
fr-ud-train_01435,26,la,DET,27,det,42,False
fr-ud-train_08708,35,sur,ADP,37,case,38,False
fr-ud-train_05588,13,de,ADP,15,case,22,False
fr-ud-train_04842,10,de,ADP,12,case,13,False
fr-ud-train_05036,15,pour,ADP,17,case,35,False
fr-ud-train_13406,2,reçoit,VERB,0,root,11,True
fr-ud-train_05556,16,été,AUX,18,cop,36,False
fr-ud-train_00779,25,date,NOUN,23,appos,43,False
fr-ud-train_09424,7,Donald,PROPN,4,conj,20,False
fr-ud-train_03308,13,ce,DET,14,det,15,False
fr-ud-train_00015,3,un,DET,4,det,21,False
fr-ud-train_10062,12,le,DET,13,det,19,False
fr-ud-train_04498,14,en,ADP,16,case,70,False
fr-ud-train_05292,17,connaissance,NOUN,25,nsubj,48,False
fr-ud-train_07148,17,pendant,ADP,19,case,22,False
fr-ud-train_12374,2,résolution,NOUN,3,nsubj,60,False
fr-ud-train_07860,7,de,ADP,8,case,20,False
fr-ud-train_06515,3,est,AUX,5,cop,22,False
fr-ud-train_04463,38,qui,PRON,40,nsubj,45,False
fr-ud-train_02969,17,de,ADP,18,case,31,False
fr-ud-train_08665,24,venu,NOUN,21,obj,29,False
fr-ud-train_13886,14,impact,NOUN,12,obl:arg,48,False
fr-ud-train_10141,18,désormais,ADV,19,advmod,33,False
fr-ud-train_04118,16,il,PRON,17,nsubj,20,False
fr-ud-train_07964,18,avril,NOUN,17,nmod,26,False
fr-ud-train_04277,36,et,CCONJ,37,cc,39,False
fr-ud-train_00046,1,Le,DET,2,det,10,False
fr-ud-train_10039,14,de,ADP,15,case,65,False
fr-ud-train_00311,29,de,ADP,31,case,33,False
fr-ud-train_03311,8,par,ADP,10,case,52,False
fr-ud-train_06213,1,Il,PRON,3,nsubj:pass,9,False
fr-ud-train_06873,8,septembre,NOUN,7,nmod,48,False
fr-ud-train_02384,13,lui,PRON,14,iobj,47,False
fr-ud-train_08115,31,son,DET,32,det,46,False
fr-ud-train_07342,17,suisse,ADJ,16,amod,22,False
fr-ud-train_10774,1,J',PRON,4,nsubj:pass,11,False
fr-ud-train_11364,13,employés,NOUN,11,nmod,34,False
fr-ud-train_11356,51,%,SYM,48,obl:arg,66,False
fr-ud-train_01198,7,ou,CCONJ,10,cc,19,False
fr-ud-train_14376,26,jour,NOUN,24,appos,29,False
fr-ud-train_03853,13,que,PRON,14,obj,17,False
fr-ud-train_04355,1,Des,DET,2,det,32,False
fr-ud-train_05458,18,Haatofo,PROPN,16,conj,114,False
fr-ud-train_00610,9,est,AUX,10,cop,21,False
fr-ud-train_03693,32,de,ADP,34,case,36,False
fr-ud-train_06701,10,qui,PRON,12,nsubj,24,False
fr-ud-train_01087,14,empêcher,VERB,9,advcl,35,False
fr-ud-train_02149,13,origine,NOUN,11,nmod,15,False
fr-ud-train_10460,32,par,ADP,34,case,35,False
fr-ud-train_07636,4,trouve,VERB,22,advcl,27,False
fr-ud-train_10200,22,recommandant,VERB,3,advcl,53,False
fr-ud-train_07723,35,de,ADP,36,case,37,False
fr-ud-train_07454,5,sera,AUX,7,aux:pass,26,False
fr-ud-train_03903,1,Selon,ADP,2,case,22,False
fr-ud-train_08739,37,points,NOUN,35,obj,51,False
fr-ud-train_02943,6,est,AUX,7,aux:tense,29,False
fr-ud-train_10136,3,avec,ADP,4,case,41,False
fr-ud-train_13552,21,frères,NOUN,18,nmod,47,False
fr-ud-train_06343,9,crépusculaire,ADJ,8,amod,18,False
fr-ud-train_08691,36,de,ADP,38,mark,42,False
fr-ud-train_01634,24,le,DET,25,det,32,False
fr-ud-train_11025,4,genre,NOUN,0,root,13,True
fr-ud-train_06705,21,un,DET,22,det,40,False
fr-ud-train_02684,8,de,ADP,9,case,10,False
fr-ud-train_10254,20,reste,VERB,15,ccomp,37,False
fr-ud-train_01495,13,construite,VERB,0,root,40,True
fr-ud-train_05313,19,de,ADP,21,case,28,False
fr-ud-train_12810,32,l',DET,33,det,52,False
fr-ud-train_13493,8,retenir,VERB,6,acl,48,False
fr-ud-train_05265,4,somnoler,VERB,2,xcomp,8,False
fr-ud-train_03408,20,Agrafeur,PROPN,19,flat:name,37,False
fr-ud-train_06776,47,faire,VERB,45,advcl,58,False
fr-ud-train_04533,6,de,DET,8,det,16,False
fr-ud-train_04255,14,les,DET,15,det,20,False
fr-ud-train_13858,4,200,NUM,5,nummod,27,False
fr-ud-train_04200,5,les,DET,6,det,11,False
fr-ud-train_00608,27,perçue,VERB,8,conj,31,False
fr-ud-train_06793,34,ville,NOUN,29,appos,45,False
fr-ud-train_02802,30,de,ADP,32,case,48,False
fr-ud-train_06913,22,pour,ADP,23,case,29,False
fr-ud-train_05628,7,le,DET,8,det,22,False
fr-ud-train_14241,30,la,DET,31,det,35,False
fr-ud-train_10254,12,alors,ADV,15,mark,37,False
fr-ud-train_02961,23,réalisateurs,NOUN,19,obl:agent,30,False
fr-ud-train_00779,36,encourus,VERB,35,acl,43,False
fr-ud-train_02537,38,la,DET,39,det,40,False
fr-ud-train_09224,12,la,DET,13,det,21,False
fr-ud-train_06553,5,le,DET,6,det,36,False
fr-ud-train_11430,11,est,AUX,14,cop,30,False
fr-ud-train_10572,5,Roumains,PROPN,6,nsubj,12,False
fr-ud-train_02240,5,le,DET,4,fixed,29,False
fr-ud-train_04256,13,de,ADP,15,case,34,False
fr-ud-train_10916,22,de,ADP,24,case,25,False
fr-ud-train_07877,7,employeur,NOUN,5,obl:arg,19,False
fr-ud-train_03343,7,ces,DET,8,det,27,False
fr-ud-train_04800,3,option,NOUN,4,nsubj,81,False
fr-ud-train_13314,3,km,NOUN,12,obl:mod,22,False
fr-ud-train_02564,8,pas,ADV,10,advmod,18,False
fr-ud-train_04846,13,par,ADP,15,case,42,False
fr-ud-train_02885,18,le,DET,19,det,40,False
fr-ud-train_12047,10,que,SCONJ,13,mark,21,False
fr-ud-train_05790,19,Asgaard,PROPN,17,nmod,20,False
fr-ud-train_01515,38,dans,ADP,40,case,41,False
fr-ud-train_05886,14,n',ADV,17,advmod,24,False
fr-ud-train_08818,16,manque,VERB,14,acl:relcl,27,False
fr-ud-train_10431,2,même,ADV,1,fixed,39,False
fr-ud-train_08620,18,regrette,VERB,0,root,51,True
fr-ud-train_14417,5,Margaret,PROPN,4,appos,40,False
fr-ud-train_08847,1,Daniel,PROPN,3,nsubj,14,False
fr-ud-train_13508,27,deux,NUM,28,nummod,29,False
fr-ud-train_07493,28,demandant,VERB,17,advcl,37,False
fr-ud-train_04564,9,de,ADP,11,case,36,False
fr-ud-train_02099,1,Pour,ADP,3,case,33,False
fr-ud-train_13677,23,la,DET,24,det,32,False
fr-ud-train_06453,10,Nikkatsu,PROPN,11,nsubj,16,False
fr-ud-train_08284,11,à,ADP,12,mark,25,False
fr-ud-train_12993,17,de,ADP,19,case,54,False
fr-ud-train_05714,18,de,PROPN,17,flat:name,27,False
fr-ud-train_03992,7,un,DET,8,det,33,False
fr-ud-train_12256,5,version,NOUN,0,root,36,True
fr-ud-train_01918,9,le,DET,10,det,25,False
fr-ud-train_04552,2,dates,NOUN,11,nsubj:pass,18,False
fr-ud-train_05581,12,appareil,NOUN,6,conj,22,False
fr-ud-train_13826,50,Austin,PROPN,48,nmod,51,False
fr-ud-train_08146,7,élève,VERB,0,root,11,True
fr-ud-train_06464,47,di,X,46,flat:foreign,390,False
fr-ud-train_06145,34,qui,PRON,36,nsubj:pass,41,False
fr-ud-train_06482,3,d',ADP,4,case,41,False
fr-ud-train_06522,6,de,ADP,7,mark,36,False
fr-ud-train_06843,17,rediffusée,VERB,11,conj,41,False
fr-ud-train_12489,14,López,PROPN,13,flat:name,33,False
fr-ud-train_11431,36,de,ADP,38,case,56,False
fr-ud-train_06637,15,avec,ADP,16,case,25,False
fr-ud-train_03177,27,de,ADP,29,case,33,False
fr-ud-train_02860,1,Mais,CCONJ,3,cc,16,False
fr-ud-train_08740,8,est,NOUN,7,nmod,28,False
fr-ud-train_09953,9,le,PRON,10,obj,18,False
fr-ud-train_06401,1,La,DET,2,det,85,False
fr-ud-train_08883,13,seule,ADJ,18,nsubj:pass,23,False
fr-ud-train_03271,6,pieds,NOUN,4,obj,15,False
fr-ud-train_03170,6,apparaît,VERB,0,root,23,True
fr-ud-train_14131,15,chancelier,NOUN,10,obl:mod,29,False
fr-ud-train_02417,1,S',PRON,2,expl:pv,25,False
fr-ud-train_08079,5,pour,ADP,7,case,15,False
fr-ud-train_08517,20,le,DET,21,det,46,False
fr-ud-train_03010,21,assouvir,VERB,19,advcl,24,False
fr-ud-train_11201,9,mise,VERB,0,root,23,True
fr-ud-train_05775,12,la,DET,13,det,23,False
fr-ud-train_05375,5,Elysée,PROPN,7,nsubj,15,False
fr-ud-train_09979,5,très,ADV,6,advmod,17,False
fr-ud-train_06468,11,vision,NOUN,9,nmod,27,False
fr-ud-train_11664,11,au-dessus,ADV,10,advmod,23,False
fr-ud-train_07832,27,Villa,NOUN,24,nsubj,36,False
fr-ud-train_07694,27,la,DET,28,det,34,False
fr-ud-train_09910,7,sur,ADP,9,case,16,False
fr-ud-train_02095,4,sont,AUX,8,cop,19,False
fr-ud-train_07634,2,permet,VERB,0,root,13,True
fr-ud-train_10552,4,la,DET,5,det,22,False
fr-ud-train_07482,16,de,ADP,18,case,43,False
fr-ud-train_11707,8,le,DET,9,det,11,False
fr-ud-train_07001,19,l',DET,20,det,42,False
fr-ud-train_09090,2,mère,NOUN,3,nsubj,13,False
fr-ud-train_03757,14,de,ADP,15,case,18,False
fr-ud-train_10239,5,il,PRON,6,nsubj,14,False
fr-ud-train_11506,17,les,DET,18,det,20,False
fr-ud-train_10101,6,philosophes,NOUN,3,nmod,25,False
fr-ud-train_11531,9,une,DET,10,det,28,False
fr-ud-train_06128,6,sur,ADP,7,case,15,False
fr-ud-train_09633,4,actuelle,ADJ,3,amod,23,False
fr-ud-train_02231,23,défaire,VERB,21,xcomp,46,False
fr-ud-train_04607,11,la,DET,14,det,46,False
fr-ud-train_01918,16,années,NOUN,13,conj,25,False
fr-ud-train_05845,12,se,PRON,13,expl:pv,30,False
fr-ud-train_00494,15,"4,1",NUM,16,nummod,21,False
fr-ud-train_04777,25,de,ADP,27,case,48,False
fr-ud-train_13532,2,veille,NOUN,5,obl:mod,36,False
fr-ud-train_02439,24,saut,NOUN,21,obl:arg,27,False
fr-ud-train_04804,25,punis,VERB,0,root,28,True
fr-ud-train_10297,36,79,NUM,37,nummod,43,False
fr-ud-train_01913,30,lourds,ADJ,31,amod,41,False
fr-ud-train_02675,8,voter,VERB,0,root,28,True
fr-ud-train_08954,5,alors,ADV,9,mark,28,False
fr-ud-train_00771,22,arriver,VERB,18,advcl,31,False
fr-ud-train_14005,6,le,DET,7,det,21,False
fr-ud-train_09292,14,son,DET,15,det,21,False
fr-ud-train_08759,1,Riggs,PROPN,2,nsubj,31,False
fr-ud-train_00858,28,saison,NOUN,25,nmod,30,False
fr-ud-train_07910,2,contre,NOUN,1,fixed,27,False
fr-ud-train_07893,3,de,ADP,5,case,47,False
fr-ud-train_08758,35,/,SYM,36,cc,37,False
fr-ud-train_00939,46,organisation,NOUN,44,nmod,47,False
fr-ud-train_02053,12,centrale,ADJ,11,amod,16,False
fr-ud-train_09243,34,politique,ADJ,33,amod,36,False
fr-ud-train_05904,3,certains,DET,4,det,11,False
fr-ud-train_08853,25,élément,NOUN,21,obl:mod,54,False
fr-ud-train_02815,3,le,DET,4,det,20,False
fr-ud-train_13332,8,a,VERB,0,root,12,True
fr-ud-train_13255,28,d',ADP,29,case,37,False
fr-ud-train_11000,16,l',DET,17,det,19,False
fr-ud-train_08016,15,à,ADP,17,case,34,False
fr-ud-train_07587,4,rapport,NOUN,2,nmod,28,False
fr-ud-train_04544,11,Saoudite,PROPN,10,flat:name,27,False
fr-ud-train_08207,6,son,DET,7,det,38,False
fr-ud-train_09218,1,En,ADP,2,case,28,False
fr-ud-train_01383,10,est,AUX,12,aux:pass,39,False
fr-ud-train_02706,33,l',DET,34,det,41,False
fr-ud-train_12742,15,à,ADP,16,case,39,False
fr-ud-train_07353,5,elle,PRON,6,nsubj,27,False
fr-ud-train_04758,12,et,CCONJ,15,cc,23,False
fr-ud-train_10463,28,vous,PRON,29,obj,39,False
fr-ud-train_07396,16,années,NOUN,9,obl:mod,17,False
fr-ud-train_13267,7,non,ADV,8,advmod,18,False
fr-ud-train_11850,1,Cependant,ADV,16,advmod,27,False
fr-ud-train_14490,11,à,ADP,13,case,49,False
fr-ud-train_06312,4,transfiguré,VERB,3,xcomp,5,False
fr-ud-train_02942,16,a,AUX,18,aux:tense,23,False
fr-ud-train_11838,1,Cela,PRON,3,nsubj,53,False
fr-ud-train_04237,27,clair,ADJ,26,amod,33,False
fr-ud-train_08826,5,la,DET,6,det,24,False
fr-ud-train_04090,16,dessus,NOUN,3,conj,34,False
fr-ud-train_10289,25,la,DET,26,det,27,False
fr-ud-train_01991,14,une,DET,15,det,22,False
fr-ud-train_05205,31,de,ADP,32,case,57,False
fr-ud-train_12649,7,pour,ADP,8,mark,38,False
fr-ud-train_05507,26,Martins,PROPN,25,flat:name,30,False
fr-ud-train_05515,39,de,ADP,42,case,74,False
fr-ud-train_13153,13,pavillon,NOUN,3,obl:mod,15,False
fr-ud-train_07356,12,à,ADP,13,mark,26,False
fr-ud-train_01786,14,dont,PRON,17,iobj,19,False
fr-ud-train_00849,20,Disney,PROPN,17,obl:agent,22,False
fr-ud-train_07434,13,le,DET,14,det,26,False
fr-ud-train_05895,2,deux,NUM,3,nummod,19,False
fr-ud-train_07292,21,Premier,X,16,nmod,23,False
fr-ud-train_08930,8,1968,NUM,7,nmod,21,False
fr-ud-train_04775,17,système,NOUN,9,obl:mod,47,False
fr-ud-train_06353,23,la,DET,24,det,27,False
fr-ud-train_12159,1,Dans,ADP,3,case,22,False
fr-ud-train_03994,8,le,DET,9,det,14,False
fr-ud-train_01116,1,Les,DET,2,det,16,False
fr-ud-train_03588,11,le,DET,12,det,28,False
fr-ud-train_01532,24,MD5,PROPN,21,obl:mod,33,False
fr-ud-train_08043,2,la,DET,3,det,21,False
fr-ud-train_09252,16,appartenant,VERB,15,acl,41,False
fr-ud-train_00976,5,né,VERB,1,acl,24,False
fr-ud-train_00366,3,visite,NOUN,2,obj:lvc,23,False
fr-ud-train_14505,18,derrière,ADP,19,case,28,False
fr-ud-train_05689,11,intervalle,NOUN,8,obl:mod,19,False
fr-ud-train_08670,18,émission,NOUN,12,obj,36,False
fr-ud-train_06201,30,dialogue,NOUN,27,nmod,95,False
fr-ud-train_07709,47,plantée,VERB,43,acl:relcl,61,False
fr-ud-train_07389,13,Mont-César,PROPN,9,obl:arg,36,False
fr-ud-train_06873,38,renouvelée,VERB,36,acl,48,False
fr-ud-train_10167,19,plus,ADV,4,obl:mod,31,False
fr-ud-train_00181,19,détournent,VERB,14,ccomp,56,False
fr-ud-train_09698,12,Águas,PROPN,18,nsubj:pass,32,False
fr-ud-train_09146,9,Margerin,PROPN,8,flat:name,33,False
fr-ud-train_12539,11,la,DET,12,det,21,False
fr-ud-train_09228,8,l',DET,9,det,23,False
fr-ud-train_04198,38,elle,PRON,39,nsubj,58,False
fr-ud-train_02812,2,quelques,DET,3,det,27,False
fr-ud-train_04187,13,des,DET,14,det,26,False
fr-ud-train_10169,4,ont,AUX,6,aux:tense,7,False
fr-ud-train_13934,12,Bosnie,PROPN,9,nmod,13,False
fr-ud-train_08362,10,départage,NOUN,8,nmod,18,False
fr-ud-train_09462,20,week-ends,NOUN,25,obl:mod,43,False
fr-ud-train_08169,35,moyen,ADJ,38,amod,39,False
fr-ud-train_04624,10,de,ADP,12,case,21,False
fr-ud-train_10186,32,en,ADP,33,case,53,False
fr-ud-train_00820,30,supérieure,ADJ,28,amod,53,False
fr-ud-train_04155,10,ornithologue,NOUN,7,conj,36,False
fr-ud-train_00966,3,les,DET,4,det,42,False
fr-ud-train_01830,11,comme,SCONJ,13,mark,29,False
fr-ud-train_13633,28,Georges,PROPN,22,nmod,35,False
fr-ud-train_05941,27,la,DET,28,det,48,False
fr-ud-train_06641,12,Fables,X,11,appos,15,False
fr-ud-train_03273,13,prêtres,NOUN,11,nmod,19,False
fr-ud-train_09934,8,une,DET,9,det,29,False
fr-ud-train_09815,4,8e,ADJ,5,amod,11,False
fr-ud-train_04978,13,sérieux,ADJ,11,amod,17,False
fr-ud-train_03419,18,Ping,PROPN,17,flat:name,19,False
fr-ud-train_03397,9,lancer,VERB,4,xcomp,57,False
fr-ud-train_06482,13,latin,ADJ,12,amod,41,False
fr-ud-train_01268,3,sur,ADP,6,case,21,False
fr-ud-train_07799,7,ravis,ADJ,0,root,8,True
fr-ud-train_12351,5,la,DET,6,det,70,False
fr-ud-train_11486,19,européen,ADJ,18,amod,56,False
fr-ud-train_08593,2,dépendait,VERB,0,root,8,True
fr-ud-train_12408,2,frise,NOUN,4,nsubj,11,False
fr-ud-train_11733,3,est,AUX,5,cop,33,False
fr-ud-train_11027,17,les,DET,19,det,20,False
fr-ud-train_10919,47,à,ADP,48,mark,60,False
fr-ud-train_10577,17,le,DET,18,det,21,False
fr-ud-train_08159,6,surtout,ADV,5,advmod,15,False
fr-ud-train_02384,38,Plastic,PROPN,33,nmod,47,False
fr-ud-train_07993,6,liste,NOUN,4,obj,33,False
fr-ud-train_06711,7,c',PRON,10,nsubj,13,False
fr-ud-train_13103,10,site,NOUN,7,obl:mod,12,False
fr-ud-train_14316,1,Immagini,PROPN,0,root,31,True
fr-ud-train_08929,3,de,ADP,4,case,19,False
fr-ud-train_03441,3,qu',SCONJ,5,mark,26,False
fr-ud-train_12473,30,Hervé,PROPN,28,nmod,82,False
fr-ud-train_12799,19,les,DET,20,det,30,False
fr-ud-train_02319,18,abrégés,VERB,13,advcl,24,False
fr-ud-train_02805,12,orientale,ADJ,11,amod,13,False
fr-ud-train_06189,34,sous,ADP,36,case,40,False
fr-ud-train_06963,7,rênes,NOUN,5,obj,48,False
fr-ud-train_11212,11,est,AUX,13,cop,24,False
fr-ud-train_05284,15,noierait,VERB,9,conj,35,False
fr-ud-train_13577,45,d',ADP,46,mark,68,False
fr-ud-train_08203,2,y,PRON,3,obl:mod,6,False
fr-ud-train_12138,51,fructueuse,ADJ,49,amod,52,False
fr-ud-train_07294,45,you,X,42,flat:foreign,47,False
fr-ud-train_08447,16,père,NOUN,11,conj,18,False
fr-ud-train_09555,13,annoncèrent,VERB,3,conj,25,False
fr-ud-train_05643,9,début,NOUN,6,obl:mod,45,False
fr-ud-train_04365,31,en,ADP,32,case,40,False
fr-ud-train_05047,1,Elle,PRON,2,nsubj,22,False
fr-ud-train_08126,9,station,NOUN,6,obl:mod,27,False
fr-ud-train_08121,17,of,X,16,flat:foreign,25,False
fr-ud-train_03347,27,1940,NUM,25,obl:arg,28,False
fr-ud-train_09155,36,RAF,NOUN,34,appos,43,False
fr-ud-train_02806,22,indépendance,NOUN,18,obj,28,False
fr-ud-train_09361,12,elles,PRON,6,nmod,19,False
fr-ud-train_00275,9,Omusati,PROPN,7,nmod,25,False
fr-ud-train_09663,26,flamande,ADJ,23,amod,44,False
fr-ud-train_14105,40,suite,NOUN,44,obl:mod,57,False
fr-ud-train_02913,111,occidentale,ADJ,110,amod,204,False
fr-ud-train_02063,4,de,ADP,5,mark,14,False
fr-ud-train_09182,9,carrière,NOUN,4,obl:arg,23,False
fr-ud-train_06837,37,de,DET,39,det,55,False
fr-ud-train_11492,5,capitaine,NOUN,11,nsubj,26,False
fr-ud-train_03432,27,la,DET,28,det,33,False
fr-ud-train_09718,13,Molière,PROPN,10,nmod,30,False
fr-ud-train_13975,9,vivace,ADJ,7,amod,21,False
fr-ud-train_05522,14,en,ADP,15,case,40,False
fr-ud-train_05936,15,fédéré,VERB,14,acl,25,False
fr-ud-train_09269,22,une,DET,24,det,25,False
fr-ud-train_02205,14,traiter,VERB,12,ccomp,20,False
fr-ud-train_03752,3,chic,ADJ,0,root,20,True
fr-ud-train_09571,1,Une,DET,2,det,16,False
fr-ud-train_09591,11,quant,ADV,14,case,25,False
fr-ud-train_04802,40,deuxième,ADJ,29,conj,74,False
fr-ud-train_10505,16,des,DET,17,det,46,False
fr-ud-train_03882,8,à,ADP,10,case,11,False
fr-ud-train_07707,12,ce,DET,13,det,22,False
fr-ud-train_00452,25,de,ADP,26,case,35,False
fr-ud-train_12855,54,principal,ADJ,53,amod,63,False
fr-ud-train_08718,2,compte-rendu,NOUN,11,nsubj,46,False
fr-ud-train_04813,4,Liezel,PROPN,1,conj,17,False
fr-ud-train_03548,22,ferme,NOUN,20,nmod,48,False
fr-ud-train_10604,18,avril,NOUN,17,nmod,27,False
fr-ud-train_14143,1,Il,PRON,3,nsubj,20,False
fr-ud-train_01023,7,magnifique,ADJ,5,conj,10,False
fr-ud-train_04554,1,J',PRON,3,nsubj,10,False
fr-ud-train_04802,41,qui,PRON,43,nsubj,74,False
fr-ud-train_05533,10,national,ADJ,9,amod,29,False
fr-ud-train_14502,55,de,ADP,57,mark,69,False
fr-ud-train_12581,3,une,DET,4,det,17,False
fr-ud-train_08523,22,les,DET,23,det,31,False
fr-ud-train_10202,18,espèces,NOUN,14,xcomp,37,False
fr-ud-train_00018,29,-il,PRON,28,expl:subj,30,False
fr-ud-train_05647,8,à,ADP,9,case,14,False
fr-ud-train_01222,6,mal,NOUN,5,obj:lvc,7,False
fr-ud-train_00992,11,de,ADP,13,case,33,False
fr-ud-train_09657,1,L',DET,2,det,31,False
fr-ud-train_10092,29,superbe,ADJ,27,conj,59,False
fr-ud-train_01444,15,président,NOUN,12,nmod,21,False
fr-ud-train_07003,2,tableau,NOUN,3,nsubj,19,False
fr-ud-train_09822,1,Le,DET,2,det,25,False
fr-ud-train_07433,24,plus,ADV,25,advmod,29,False
fr-ud-train_07195,6,Hussey,PROPN,7,nsubj,10,False
fr-ud-train_01722,5,distribuera,VERB,0,root,13,True
fr-ud-train_09491,1,D',ADP,4,case,43,False
fr-ud-train_04272,11,novembre,NOUN,9,obl:mod,13,False
fr-ud-train_06844,5,fosses,NOUN,0,root,38,True
fr-ud-train_02612,15,de,ADP,17,case,20,False
fr-ud-train_10682,5,des,DET,6,det,10,False
fr-ud-train_01556,7,cet,DET,8,det,19,False
fr-ud-train_08502,21,entièrement,ADV,20,advmod,36,False
fr-ud-train_03611,7,Keritot,PROPN,6,appos,28,False
fr-ud-train_02372,8,sont,AUX,9,aux:tense,16,False
fr-ud-train_05054,29,qu',SCONJ,32,mark,40,False
fr-ud-train_02246,4,l',PRON,5,obj,27,False
fr-ud-train_06019,7,les,DET,8,det,34,False
fr-ud-train_10365,1,Cette,DET,2,det,21,False
fr-ud-train_11620,4,en,ADP,5,case,19,False
fr-ud-train_10922,4,de,ADP,5,mark,20,False
fr-ud-train_05511,20,que,PRON,26,obj,36,False
fr-ud-train_00017,16,professeurs,NOUN,14,conj,17,False
fr-ud-train_06791,1,Après,ADP,3,mark,36,False
fr-ud-train_11928,18,gaz,NOUN,16,conj,22,False
fr-ud-train_06528,16,ses,DET,17,det,82,False
fr-ud-train_14167,22,remplacé,VERB,17,acl:relcl,30,False
fr-ud-train_03113,21,les,DET,22,det,23,False
fr-ud-train_07721,5,associé,NOUN,4,appos,30,False
fr-ud-train_08211,63,se,PRON,64,expl:pass,71,False
fr-ud-train_12037,10,de,ADP,12,case,14,False
fr-ud-train_02468,8,en,ADP,9,case,39,False
fr-ud-train_00373,1,Thai,PROPN,8,nsubj,43,False
fr-ud-train_11407,12,schiste,NOUN,10,nmod,39,False
